Date,Day,Rounds Played,temp,temp_min,temp_max,humidity,wind_speed,wind_gust,rain_1h,RoundsRange
2022-01-01,Saturday,61,74.98,74.98,76.98,78,3,5.99,,60-79
2022-01-02,Sunday,6,55.98,55.98,74.98,81,5.99,14,0.33,0-19
2022-01-03,Monday,9,32.99,32.99,34.99,73,13,21,,0-19
2022-01-04,Tuesday,18,35.98,35.98,41.99,89,1.99,15.01,,0-19
2022-01-05,Wednesday,39,51.98,48.97,51.98,93,1.01,1.99,,20-39
2022-01-06,Thursday,56,63.99,59.99,63.99,94,1.01,1.99,,40-59
2022-01-07,Friday,49,46.53,44.98,47.61,83,7,15.01,,40-59
2022-01-08,Saturday,113,51.98,51.98,53.98,87,1.99,5.99,,100-119
2022-01-09,Sunday,98,69.98,62.98,69.98,94,1.99,8.99,3.56,80-99
2022-01-10,Monday,18,52.99,52.99,63.99,83,10,15.01,32.77,0-19
2022-01-11,Tuesday,34,45.99,45.99,46.98,53,8.99,17,,20-39
2022-01-12,Wednesday,42,48.97,48.97,48.97,69,5.99,8.99,32.77,40-59
2022-01-13,Thursday,84,45.64,44.35,48.97,61,5.41,,,80-99
2022-01-14,Friday,112,53.28,51.98,54.28,80,8.19,,32.77,100-119
2022-01-15,Saturday,84,56.98,53.98,56.98,95,6.69,,32.77,80-99
2022-01-16,Sunday,28,35.98,35.98,39.97,61,3,15.01,,20-39
2022-01-17,Monday,102,41.5,39.63,42.91,81,8.1,,,100-119
2022-01-18,Tuesday,61,45.79,45.14,46.13,78,2.01,,32.77,60-79
2022-01-19,Wednesday,115,59.99,52.99,59.99,90,1.01,1.01,,100-119
2022-01-20,Thursday,2,49.98,49.98,62.98,87,5.99,15.99,,0-19
2022-01-21,Friday,0,39.49,37.98,40.3,83,4,4,0.51,0-19
2022-01-22,Saturday,66,36.99,36.99,36.99,61,8.01,15.01,32.77,60-79
2022-01-23,Sunday,62,38.17,36.72,39.4,59,4,8.01,32.77,60-79
2022-01-24,Monday,32,51.98,42.98,51.98,57,5.57,,32.77,20-39
2022-01-25,Tuesday,0,46.98,45.99,46.98,95,1.99,5.99,1.27,0-19
2022-01-26,Wednesday,61,49.37,48.79,50.07,89,11.65,,,60-79
2022-01-27,Thursday,80,45.99,44.98,45.99,84,1.99,8.01,,80-99
2022-03-02,Wednesday,77,46.98,46.98,54.99,74,1.01,1.99,32.77,60-79
2022-03-03,Thursday,96,56.98,56.98,57.97,90,1.01,1.99,,80-99
2022-03-04,Friday,145,58.98,57.97,58.98,94,6.13,,32.77,140-159
2022-03-05,Saturday,161,66.97,60.98,66.97,92,1.01,3,,160-179
2022-03-06,Sunday,159,68.99,66.97,68.99,94,1.01,5.99,,140-159
2022-03-07,Monday,57,71.98,71.98,71.98,92,3,8.01,,40-59
2022-03-08,Tuesday,51,65.91,64.53,66.97,73,5.01,8.99,32.77,40-59
2022-03-09,Wednesday,1,63.32,58.98,66.38,97,7,11.01,32.77,0-19
2022-03-10,Thursday,112,54.19,50.99,55.49,84,4,8.01,0.21,100-119
2022-03-11,Friday,60,57.97,57.97,59.99,79,1.01,1.99,32.77,60-79
2022-03-12,Saturday,68,35.98,35.98,49.98,70,7,15.99,32.77,60-79
2022-03-13,Sunday,175,36.99,36.99,41.99,75,4,13,32.77,160-179
2022-03-14,Monday,81,54.99,49.98,54.99,83,1.01,3,32.77,80-99
2022-03-15,Tuesday,59,64.98,62.98,64.98,95,1.99,11.99,32.77,40-59
2022-03-16,Wednesday,106,53.98,53.98,60.98,83,1.01,7,32.77,100-119
2022-03-17,Thursday,130,56.98,56.98,58.98,86,1.01,1.99,32.77,120-139
2022-03-18,Friday,96,68.99,65.98,68.99,95,1.99,5.99,32.77,80-99
2022-03-19,Saturday,154,55.98,55.98,65.98,57,4,14,,140-159
2022-03-20,Sunday,184,51.98,51.98,59.99,75,3,7,32.77,180-200
2022-03-21,Monday,103,60.98,57.97,60.98,83,7.85,,32.77,100-119
2022-03-22,Tuesday,16,70.99,67.98,70.99,95,4,11.01,1.78,0-19
2022-03-23,Wednesday,58,50.99,50.99,64.98,66,1.99,3,,40-59
2022-03-24,Thursday,133,48.97,48.97,59.99,76,6.64,,32.77,120-139
2022-03-25,Friday,209,47.98,47.98,58.98,73,3,4,32.77,Out of Range
2022-03-26,Saturday,137,56.98,56.98,63.99,75,1.99,4,,120-139
2022-03-27,Sunday,158,62.98,61.99,62.98,93,1.99,3,32.77,140-159
2022-03-28,Monday,68,63.99,63.99,65.98,91,1.01,1.99,,60-79
2022-03-29,Tuesday,98,67.98,66.97,67.98,93,1.01,4,32.77,80-99
2022-03-30,Wednesday,18,72.99,70.99,72.99,88,4,11.01,32.77,0-19
2022-03-31,Thursday,110,60.98,59.99,60.98,60,1.01,5.01,0.4,100-119
2022-04-01,Friday,195,59.99,59.99,64.98,58,4,8.01,,180-200
2022-04-02,Saturday,83,57.97,57.97,62.98,78,1.01,1.99,,80-99
2022-04-03,Sunday,200,65.98,62.98,65.98,90,1.01,1.01,32.77,180-200
2022-04-04,Monday,93,63.99,63.99,64.98,91,5.79,,32.77,80-99
2022-04-05,Tuesday,54,70.99,70.99,70.99,95,4,8.99,32.77,40-59
2022-04-06,Wednesday,113,71.98,71.98,73.98,94,3,4,,100-119
2022-04-07,Thursday,115,69.84,62.98,71.89,45,16.31,,,100-119
2022-04-08,Friday,176,50.99,50.99,62.98,57,7,17,,160-179
2022-04-09,Saturday,197,52.99,52.99,60.98,58,5.01,8.99,32.77,180-200
2022-04-10,Sunday,153,63.99,60.98,63.99,88,1.99,3,32.77,140-159
2022-04-11,Monday,51,70.99,64.98,70.99,86,1.99,3,32.77,40-59
2022-04-12,Tuesday,92,72.99,66.97,72.99,90,1.99,8.01,,80-99
2022-04-13,Wednesday,65,73.98,70.99,73.98,94,4,10,32.77,60-79
2022-04-14,Thursday,96,70.83,69.98,71.46,72,1.99,8.01,0.8,80-99
2022-04-15,Friday,208,63.99,63.99,70.99,84,1.01,5.99,32.77,Out of Range
2022-04-16,Saturday,204,72.99,71.98,72.99,95,4,7,32.77,Out of Range
2022-04-17,Sunday,80,72.99,70.99,72.99,93,1.99,3,,80-99
2022-04-18,Monday,109,71.98,71.98,74.98,92,1.01,4,,100-119
2022-04-19,Tuesday,122,64.98,60.98,64.98,68,8.99,18.99,32.77,120-139
2022-04-20,Wednesday,112,68.99,59.99,68.99,87,10.13,,,100-119
2022-04-21,Thursday,146,71.98,68.99,71.98,92,1.99,4,32.77,140-159
2022-04-22,Friday,50,73.98,69.98,73.98,91,1.01,1.99,32.77,40-59
2022-04-23,Saturday,149,69.98,67.98,69.98,91,1.01,4,,140-159
2022-04-24,Sunday,157,70.99,70.99,71.98,94,3,7,32.77,140-159
2022-04-25,Monday,98,73.98,72.99,73.98,93,1.01,5.99,,80-99
2022-04-26,Tuesday,76,61.99,61.99,71.98,93,7,8.99,32.77,60-79
2022-04-27,Wednesday,158,67.98,67.98,68.99,75,5.99,8.99,,140-159
2022-04-28,Thursday,156,65.88,64.81,66.54,88,6.64,,,140-159
2022-04-29,Friday,189,69.98,68.99,69.98,93,5.59,,32.77,180-200
2022-04-30,Saturday,169,71.98,70.99,71.98,93,1.99,3,32.77,160-179
2022-05-01,Sunday,98,73.98,73.98,73.98,93,5.37,,,80-99
2022-05-02,Monday,67,74.98,73.98,74.98,91,3,4,32.77,60-79
2022-05-03,Tuesday,112,74.98,73.98,74.98,93,3,7,32.77,100-119
2022-05-04,Wednesday,105,74.98,74.98,74.98,93,4.92,,,100-119
2022-05-05,Thursday,113,76.98,75.97,76.98,90,1.99,4,,100-119
2022-05-06,Friday,100,75.97,74.86,77.99,83,1.01,4,0.1,100-119
2022-05-07,Saturday,166,75.97,74.98,75.97,95,3.69,,,160-179
2022-05-08,Sunday,71,77.99,77.99,78.98,91,1.99,1.99,,60-79
2022-05-09,Monday,70,78.22,77.99,78.31,86,1.01,5.99,,60-79
2022-05-10,Tuesday,102,76.6,75.97,76.98,86,1.01,8.01,32.77,100-119
2022-05-11,Wednesday,151,73.72,73.42,73.98,87,5.64,,32.77,140-159
2022-05-12,Thursday,109,74.59,72.9,76.98,81,5.46,,32.77,100-119
2022-05-13,Friday,167,76.53,75.9,77.23,89,7.07,,6.73,160-179
2022-05-14,Saturday,172,71.98,70.99,71.98,96,4.61,,32.77,160-179
2022-05-15,Sunday,198,75.81,74.5,76.41,75,5.14,,,180-200
2022-05-16,Monday,72,75.6,74.86,76.03,86,3.76,,,60-79
2022-05-17,Tuesday,110,76.98,76.98,77.99,99,1.01,1.99,,100-119
2022-05-18,Wednesday,108,77.99,77.99,77.99,99,1.01,3,32.77,100-119
2022-05-19,Thursday,94,77.99,77.99,78.98,96,10.8,,32.77,80-99
2022-05-20,Friday,160,77.99,77.99,77.99,76,1.01,1.99,,160-179
2022-05-21,Saturday,143,80.98,79.99,80.98,87,1.99,3,32.77,140-159
2022-05-22,Sunday,94,74.98,74.98,74.98,99,1.01,1.99,32.77,80-99
2022-05-23,Monday,53,74.98,74.98,75.97,99,1.99,1.99,32.77,40-59
2022-05-24,Tuesday,85,77.99,75.97,77.99,99,1.01,4,23.88,80-99
2022-05-25,Wednesday,25,78.98,77.99,78.98,99,1.99,8.01,0.24,20-39
2022-05-26,Thursday,74,70.99,70.99,70.99,99,1.01,1.99,0.71,60-79
2022-05-27,Friday,145,72.99,72.99,74.98,75,1.01,1.99,,140-159
2022-05-28,Saturday,188,74.68,72.99,75.92,62,6.69,,,180-200
2022-05-29,Sunday,180,73.98,73.98,74.98,70,6.76,,32.77,180-200
2022-05-30,Monday,172,78.98,77.99,78.98,82,1.01,4,,160-179
2022-05-31,Tuesday,80,79.99,77.99,79.99,99,1.01,10,32.77,80-99
2022-06-01,Wednesday,64,79.99,77.99,79.99,98,1.99,3,32.77,60-79
2022-06-02,Thursday,87,77.99,77.99,78.98,83,3.36,,32.77,80-99
2022-06-03,Friday,50,78.98,77.99,78.98,72,3,8.01,32.77,40-59
2022-06-04,Saturday,207,78.98,78.98,78.98,66,1.01,3,,Out of Range
2022-06-05,Sunday,145,81.99,80.98,81.99,46,1.01,1.99,,140-159
2022-06-06,Monday,0,75.97,75.97,77.99,99,7.07,,,0-19
2022-06-07,Tuesday,0,80.98,79.99,80.98,73,1.99,1.99,32.77,0-19
2022-06-08,Wednesday,99,81.99,80.98,81.99,70,3,4,,80-99
2022-06-09,Thursday,83,81.99,81.99,81.99,76,1.01,7,,80-99
2022-07-26,Tuesday,75,81.99,79.99,81.99,93,1.01,1.99,,60-79
2022-07-27,Wednesday,37,77.99,77.99,80.98,91,4.81,,,20-39
2022-07-28,Thursday,41,76.98,76.98,80.98,92,3.98,,,40-59
2022-07-29,Friday,51,76.98,76.98,79.99,96,1.01,3,,40-59
2022-07-30,Saturday,142,77.99,77.99,80.98,92,3.74,,,140-159
2022-07-31,Sunday,132,76.98,76.98,77.99,90,5.99,7,,120-139
2022-08-01,Monday,14,79.99,79.99,79.99,85,1.99,1.99,,0-19
2022-08-02,Tuesday,28,74.98,74.98,75.97,99,1.99,1.99,,20-39
2022-08-03,Wednesday,49,76.98,76.98,77.99,90,6.17,,,40-59
2022-08-04,Thursday,66,77.99,77.99,78.98,88,3.91,,,60-79
2022-08-05,Friday,91,77.99,77.99,77.99,85,1.99,4,,80-99
2022-08-06,Saturday,166,76.98,76.98,79.99,91,6.71,,,160-179
2022-08-07,Sunday,121,77.99,77.99,78.98,92,1.01,1.01,,120-139
2022-08-08,Monday,43,81.99,80.98,81.99,77,1.01,4,,40-59
2022-08-09,Tuesday,28,77.99,77.99,78.98,91,1.01,1.99,,20-39
2022-08-10,Wednesday,29,76.98,76.98,78.98,90,1.01,1.99,,20-39
2022-08-11,Thursday,41,81.99,76.98,81.99,93,4.94,,0.11,40-59
2022-08-12,Friday,145,77.99,76.98,77.99,90,1.99,3,,140-159
2022-08-13,Saturday,118,78.98,77.99,78.98,88,3,3,,100-119
2022-08-14,Sunday,153,78.98,78.98,80.98,86,0.69,,,140-159
2022-08-15,Monday,0,80.98,80.98,81.99,87,6.08,,,0-19
2022-08-16,Tuesday,0,81.99,81.99,82.98,76,1.99,3,,0-19
2022-08-17,Wednesday,86,81.99,80.98,81.99,76,1.01,5.99,,80-99
2022-08-18,Thursday,37,83.98,82.98,83.98,83,1.99,4,,20-39
2022-08-19,Friday,112,80.98,79.99,80.98,85,1.01,1.99,0.19,100-119
2022-08-20,Saturday,106,77.99,77.99,78.98,94,5.37,,,100-119
2022-08-21,Sunday,130,77.99,77.99,77.99,99,1.99,1.99,,120-139
2022-08-22,Monday,23,78.98,77.99,78.98,97,1.99,1.99,0.89,20-39
2022-08-23,Tuesday,47,79.99,77.99,79.99,90,1.01,4,,40-59
2022-08-24,Wednesday,18,78.84,75.97,78.98,93,5.01,14,0.17,0-19
2022-08-25,Thursday,56,78.98,77.99,78.98,91,1.99,5.01,,40-59
2022-08-26,Friday,149,77.99,75.97,77.99,90,1.01,1.99,0.14,140-159
2022-08-27,Saturday,142,78.98,77.99,78.98,91,1.01,1.99,,140-159
2022-08-28,Sunday,142,77.99,77.99,78.98,93,4.32,,,140-159
2022-08-29,Monday,45,78.98,78.98,80.98,89,1.01,3,,40-59
2022-08-30,Tuesday,73,78.98,78.98,80.98,95,1.9,,,60-79
2022-08-31,Wednesday,67,79.99,79.99,81.99,85,4,8.99,,60-79
2022-09-01,Thursday,96,85.98,84.97,85.98,69,1.01,5.99,,80-99
2022-09-02,Friday,142,78.98,78.98,81.99,72,1.01,1.99,,140-159
2022-09-03,Saturday,129,79.99,79.99,79.99,80,1.01,3,,120-139
2022-09-04,Sunday,94,76.98,75.97,76.98,97,1.01,1.99,,80-99
2022-09-05,Monday,153,76.98,75.97,76.98,91,4.76,,,140-159
2022-09-06,Tuesday,52,76.98,76.98,77.99,84,3.4,,,40-59
2022-09-07,Wednesday,62,78.28,77.99,79.99,82,1.01,1.99,,60-79
2022-09-08,Thursday,52,70.84,69.98,70.99,94,5.01,8.01,1.34,40-59
2022-09-09,Friday,84,79.12,78.98,79.99,80,4,7,0.41,80-99
2022-09-10,Saturday,104,72.41,71.98,74.98,90,1.99,4,,100-119
2022-09-11,Sunday,110,76.41,75.97,78.98,84,2.95,,,100-119
2022-09-12,Monday,59,78.28,77.99,79.99,91,3,4,,40-59
2022-09-13,Tuesday,93,78.13,77.99,78.98,72,4,11.01,,80-99
2022-09-14,Wednesday,94,73.42,72.99,75.97,65,3,7,,80-99
2022-09-15,Thursday,104,71.69,70.99,75.97,68,1.01,1.99,,100-119
2022-09-16,Friday,95,73.71,72.99,77.99,76,4.83,,,80-99
2022-09-17,Saturday,171,79.27,77.99,80.98,73,5.99,11.01,,160-179
2022-09-18,Sunday,71,80.13,79.99,80.98,84,5.99,8.01,,60-79
2022-09-19,Monday,48,80.13,79.99,80.98,80,1.99,3,,40-59
2022-09-20,Tuesday,116,78.13,77.99,79.99,79,1.01,1.99,,100-119
2022-09-21,Wednesday,83,77.56,76.98,80.98,70,1.01,1.99,,80-99
2022-09-22,Thursday,78,82.27,81.99,83.98,73,1.01,1.99,,60-79
2022-09-23,Friday,157,82.13,81.99,82.98,73,5.99,8.01,,140-159
2022-09-24,Saturday,165,81.12,80.98,81.99,80,1.99,3,,160-179
2022-09-25,Sunday,99,79.41,78.98,81.99,61,4,5.99,,80-99
2022-09-26,Monday,61,80.28,79.99,81.99,78,1.99,7,,60-79
2022-09-27,Tuesday,86,78.13,77.99,78.98,50,7,15.01,,80-99
2022-09-28,Wednesday,89,73.13,71.98,73.98,44,8.01,18.99,,80-99
2022-09-29,Thursday,122,70.99,69.98,70.99,41,10,21.99,,120-139
2022-09-30,Friday,200,68.99,66.97,68.99,53,10,11.01,,180-200
2022-10-01,Saturday,181,65.84,64.98,70.99,68,3,8.99,,180-200
2022-10-02,Sunday,126,70.27,69.98,71.98,55,1.99,5.99,,120-139
2022-10-03,Monday,51,73.13,72.99,73.98,58,1.99,8.01,,40-59
2022-10-04,Tuesday,62,69.57,68.99,72.99,73,3,4,,60-79
2022-10-05,Wednesday,134,70.41,69.98,72.99,75,1.99,8.99,,120-139
2022-10-06,Thursday,100,70.27,69.98,71.98,75,1.99,3,,100-119
2022-10-07,Friday,150,70.27,69.98,71.98,86,1.99,4,,140-159
2022-10-08,Saturday,148,75.13,74.98,75.97,65,3,5.01,,140-159
2022-10-09,Sunday,114,72.99,71.98,72.99,57,3,8.99,,100-119
2022-10-10,Monday,120,64.83,63.99,70.99,63,1.01,1.99,,120-139
2022-10-11,Tuesday,78,65.84,64.98,70.99,68,5.99,10,,60-79
2022-10-12,Wednesday,42,75.27,73.98,76.98,78,5.99,10,,40-59
2022-10-13,Thursday,70,72.41,71.98,74.98,85,3,5.01,,60-79
2022-10-14,Friday,140,70.56,69.98,74.98,81,1.99,5.01,,140-159
2022-10-15,Saturday,167,67.41,66.97,70.99,83,1.99,4,,160-179
2022-10-16,Sunday,107,68.65,66.97,71.98,84,1.99,4,,100-119
2022-10-17,Monday,61,72.37,70.99,74.98,91,1.01,1.99,,60-79
2022-10-18,Tuesday,74,66.11,63.99,66.97,53,10,21,,60-79
2022-10-19,Wednesday,85,52.11,50.99,52.99,41,5.01,18.01,,80-99
2022-10-20,Thursday,91,52.99,51.98,52.99,62,3,5.01,,80-99
2022-10-21,Friday,191,55.22,52.99,56.98,72,1.99,4,,180-200
2022-10-22,Saturday,110,62.28,61.99,63.99,75,3,5.01,,100-119
2022-10-23,Sunday,157,66.96,65.98,66.97,78,3,7,,140-159
2022-10-24,Monday,82,68.25,66.97,69.98,84,3,8.99,,80-99
2022-10-25,Tuesday,56,76.82,73.98,76.98,83,8.99,15.99,,40-59
2022-10-26,Wednesday,59,65.1,63.99,65.98,63,13,18.99,,40-59
2022-10-27,Thursday,88,57.97,56.98,63.99,72,4,7,,80-99
2022-10-28,Friday,183,58.69,57.97,62.98,85,5.61,,,180-200
2022-10-29,Saturday,32,70.14,68.99,70.99,79,10,15.01,,20-39
2022-10-30,Sunday,96,64.94,62.98,64.98,84,7,10,,80-99
2022-10-31,Monday,45,63.05,58.98,63.99,85,3,8.99,,40-59
2022-11-01,Tuesday,62,61.56,60.98,64.98,87,1.01,1.99,,60-79
2022-11-02,Wednesday,90,64.42,63.99,67.98,83,1.99,3,,80-99
2022-11-03,Thursday,114,65.5,62.98,68.99,85,1.01,1.01,,100-119
2022-11-04,Friday,192,71.98,69.98,71.98,91,7,11.01,,180-200
2022-11-05,Saturday,34,74.98,72.99,74.98,86,8.99,15.01,,20-39
2022-11-06,Sunday,138,71.11,69.98,71.98,95,7,15.99,,120-139
2022-11-07,Monday,58,69.35,65.98,71.98,94,1.99,5.99,,40-59
2022-11-08,Tuesday,78,72.12,71.98,72.99,94,3,4,,60-79
2022-11-09,Wednesday,46,70.56,69.98,73.98,85,1.99,4,,40-59
2022-11-10,Thursday,76,62.98,62.98,62.98,62,5.01,8.99,,60-79
2022-11-11,Friday,202,65.39,64.98,67.98,80,4,5.99,,Out of Range
2022-11-12,Saturday,75,63.23,61.99,64.98,88,3,4,,60-79
2022-11-13,Sunday,127,45.97,43.99,45.99,69,11.99,25.01,,120-139
2022-11-14,Monday,31,46.96,44.98,46.98,65,5.01,10,,20-39
2022-11-15,Tuesday,27,64.42,63.34,65.17,93,17.76,,0.47,20-39
2022-11-16,Wednesday,27,47.97,45.99,47.98,76,5.99,14,,20-39
2022-11-17,Thursday,36,50.94,47.98,50.99,63,8.99,15.99,,20-39
2022-11-18,Friday,101,46.11,44.98,46.98,56,7,11.01,,100-119
2022-11-19,Saturday,13,51.96,50.99,51.98,55,5.99,11.01,,0-19
2022-11-20,Sunday,24,46.96,44.98,46.98,95,3,8.99,0.25,20-39
2022-11-21,Monday,47,45.97,44.98,45.99,62,8.01,11.01,,40-59
2022-11-22,Tuesday,72,51.96,50.99,51.98,63,5.01,11.01,,60-79
2022-11-23,Wednesday,173,55.13,54.99,56.98,87,5.99,10,,160-179
2022-11-24,Thursday,18,62.42,58.98,64.98,84,5.01,8.01,,0-19
2022-11-25,Friday,55,67.66,64.98,67.98,97,4,10,3.18,40-59
2022-11-26,Saturday,20,63.66,60.98,63.99,97,5.01,8.99,,20-39
2022-11-27,Sunday,75,59.95,57.97,59.99,94,8.01,13,,60-79
2022-11-28,Monday,61,61.09,58.98,61.99,93,4,5.99,,60-79
2022-11-29,Tuesday,46,64.26,61.99,65.98,93,8.01,11.99,,40-59
2022-11-30,Wednesday,40,73.98,73.98,73.98,94,3,7,3.84,40-59
2022-12-01,Thursday,43,50.94,47.98,50.99,57,5.99,18.01,,40-59
2022-12-02,Friday,112,52.99,51.98,52.99,75,5.99,8.01,,100-119
2022-12-03,Saturday,88,67.96,65.98,67.98,95,5.01,8.01,,80-99
2022-12-04,Sunday,100,68.83,66.97,68.99,96,1.99,3,,100-119
2022-12-05,Monday,25,65.82,63.99,65.98,95,3,5.99,,20-39
2022-12-06,Tuesday,62,70.81,68.99,70.99,96,5.99,10,,60-79
2022-12-07,Wednesday,81,70.97,68.99,70.99,92,4,8.01,,80-99
2022-12-08,Thursday,100,69.82,66.97,69.98,95,3,5.99,,100-119
2022-12-09,Friday,80,67.8,65.98,67.98,96,3,4,,80-99
2022-12-10,Saturday,134,66.11,64.98,66.97,95,3,4,,120-139
2022-12-11,Sunday,28,66.96,65.98,66.97,91,4,8.99,,20-39
2022-12-12,Monday,37,65.8,63.99,65.98,96,5.01,7,,20-39
2022-12-13,Tuesday,55,62.28,61.99,63.99,93,4,5.99,,40-59
2022-12-14,Wednesday,4,71.11,69.98,71.98,93,5.99,11.99,,0-19
2022-12-15,Thursday,41,56.23,54.99,57.97,81,5.99,13,,40-59
2022-12-16,Friday,101,49.98,49.98,51.98,72,1.01,1.99,,100-119
2022-12-17,Saturday,69,50.56,49.98,54.99,86,1.01,3,,60-79
2022-12-18,Sunday,31,48.16,47.98,49.98,52,5.99,11.99,,20-39
2022-12-19,Monday,8,47.98,45.99,47.98,53,7,10,,0-19
2022-12-20,Tuesday,4,50.99,48.97,50.99,97,14,23,0.25,0-19
2022-12-21,Wednesday,36,50.99,48.97,50.99,90,8.01,13,,20-39
2022-12-22,Thursday,87,50.83,48.97,50.99,96,1.99,3,,80-99
2022-12-23,Friday,0,46.54,44.87,48.49,86,22.57,,,0-19
2022-12-24,Saturday,0,26.96,24.98,26.98,49,11.99,21.99,,0-19
2022-12-25,Sunday,0,33.1,30.97,33.98,50,10,15.01,,0-19
2022-12-26,Monday,83,34.27,33.98,35.98,68,1.01,3,,80-99
2022-12-27,Tuesday,106,45.97,44.98,45.99,67,3.71,,,100-119
2022-12-28,Wednesday,172,49.39,46.98,51.98,79,4,8.01,,160-179
2022-12-29,Thursday,159,62.98,60.98,62.98,78,7,10,,140-159
2022-12-30,Friday,0,65.98,63.99,65.98,94,7,11.01,,0-19
2022-12-31,Saturday,89,59.67,56.98,59.99,98,3,5.01,,80-99
2023-01-01,Sunday,76,56.95,54.99,56.98,98,1.99,4,0.25,60-79
2023-01-02,Monday,71,68.81,65.98,68.99,98,3,5.99,,60-79
2023-01-03,Tuesday,9,71.11,68.99,71.98,93,10,15.99,,0-19
2023-01-04,Wednesday,44,72.95,70.99,72.99,95,11.99,20,0.85,40-59
2023-01-05,Thursday,63,59.07,55.98,59.99,73,5.99,10,,60-79
2023-01-06,Friday,91,53.98,53.98,58.98,75,1.99,3,,80-99
2023-01-07,Saturday,163,54.41,53.98,56.98,88,4,7,,160-179
2023-01-08,Sunday,34,60.96,59.99,60.98,87,5.01,10,,20-39
2023-01-09,Monday,34,61.97,59.99,61.99,94,4,8.01,,20-39
2023-01-10,Tuesday,49,50.99,50.99,51.98,85,1.01,3,,40-59
2023-01-11,Wednesday,67,63.82,61.99,63.99,95,3,5.01,,60-79
2023-01-12,Thursday,38,67.96,65.98,67.98,95,7,11.99,,20-39
2023-01-13,Friday,71,54.12,52.99,54.99,64,13,31,,60-79
2023-01-14,Saturday,115,42.12,40.98,42.98,69,5.01,15.01,,100-119
2023-01-15,Sunday,155,45.75,43.99,47.14,72,1.01,1.99,,140-159
2023-01-16,Monday,118,54.16,53.98,55.98,83,5.99,11.99,,100-119
2023-01-17,Tuesday,48,66.97,65.98,66.97,85,7,11.99,,40-59
2023-01-18,Wednesday,74,67.96,66.97,67.98,95,4,8.01,,60-79
2023-01-19,Thursday,99,69.28,68.99,70.99,87,11.01,17,,80-99
2023-01-20,Friday,100,57.65,54.99,61.99,61,5.99,10,,100-119
2023-01-21,Saturday,70,57.97,55.98,57.97,54,8.01,13,,60-79
2023-01-22,Sunday,55,60.98,60.98,60.98,96,1.01,3,0.25,40-59
2023-01-23,Monday,45,51.12,49.98,51.98,72,13,20,,40-59
2023-01-24,Tuesday,32,48.97,48.97,49.98,82,1.99,7,,20-39
2023-01-25,Wednesday,29,62.98,61.99,62.98,95,8.99,15.99,1.72,20-39
2023-01-26,Thursday,46,47.82,45.99,47.98,66,11.99,17,,40-59
2023-01-27,Friday,130,45.52,43.99,48.97,69,1.99,5.01,,120-139
2023-01-28,Saturday,188,46.67,44.98,50.99,73,1.99,5.99,,180-200
2023-01-29,Sunday,37,61.97,59.99,61.99,80,7,13,,20-39
2023-01-30,Monday,48,68.95,66.97,68.99,95,7,13,,40-59
2023-01-31,Tuesday,54,67.78,64.98,67.98,94,3,8.01,,40-59
2023-02-01,Wednesday,45,60.8,58.98,60.98,95,7,13,,40-59
2023-02-02,Thursday,35,56.89,54.99,56.98,89,7,8.99,,20-39
2023-02-03,Friday,92,50.97,48.97,50.99,97,11.99,21.99,0.63,80-99
2023-02-04,Saturday,146,48.97,48.97,48.97,59,5.99,8.99,,140-159
2023-02-05,Sunday,170,52.27,51.98,53.98,91,3,5.99,,160-179
2023-02-06,Monday,45,52.41,51.98,56.98,84,1.01,3,,40-59
2023-02-07,Tuesday,60,59.56,58.98,62.98,90,5.01,8.01,,60-79
2023-02-08,Wednesday,49,67.96,64.98,67.98,93,5.01,8.99,,40-59
2023-02-09,Thursday,57,65.82,63.99,65.98,96,5.01,15.01,12.77,40-59
2023-02-10,Friday,96,61.99,59.99,61.99,58,5.01,5.99,,80-99
2023-02-11,Saturday,89,55.11,53.98,55.98,74,5.01,8.01,0.78,80-99
2023-02-12,Sunday,75,47.12,45.99,47.98,76,15.01,28.99,,60-79
2023-02-13,Monday,66,49.98,49.98,51.98,53,1.01,1.99,,60-79
2023-02-14,Tuesday,67,55.98,55.98,55.98,94,1.01,1.01,,60-79
2023-02-15,Wednesday,71,69.12,67.98,69.98,84,10,17,,60-79
2023-02-16,Thursday,47,68.97,66.97,68.99,92,5.01,10,,40-59
2023-02-17,Friday,65,55.98,54.99,55.98,95,11.99,21,1.02,60-79
2023-02-18,Saturday,54,43.99,43.99,43.99,62,4,14,,40-59
2023-02-19,Sunday,55,47.98,46.98,47.98,72,4,7,,40-59
2023-02-20,Monday,113,56.1,54.99,56.98,92,1.99,5.01,,100-119
2023-02-21,Tuesday,0,68.97,67.98,68.99,88,8.99,14,,0-19
2023-02-22,Wednesday,89,69.12,68.99,69.98,92,10,15.99,,80-99
2023-02-23,Thursday,84,72.88,70.99,72.99,91,8.01,14,,80-99
2023-02-24,Friday,153,70.09,67.98,70.99,94,1.99,3,,140-159
2023-02-25,Saturday,165,71.96,70.99,71.98,94,4,11.01,,160-179
2023-02-26,Sunday,166,68.11,66.97,68.99,92,5.99,8.01,,160-179
2023-02-27,Monday,61,71.28,70.99,72.99,86,5.01,11.99,,60-79
2023-02-28,Tuesday,60,71.11,69.98,71.98,89,4,10,,60-79
2023-03-01,Wednesday,83,70.99,70.99,70.99,90,9.28,,,80-99
2023-03-02,Thursday,76,71.44,70.99,73.98,87,7,13,,60-79
2023-03-03,Friday,152,71.46,70.99,73.98,82,8.01,18.99,,140-159
2023-03-04,Saturday,196,61.21,57.97,62.98,72,5.01,8.99,,180-200
2023-03-05,Sunday,168,58.12,56.98,64.98,77,3,5.99,,160-179
2023-03-06,Monday,80,66.27,65.98,67.98,88,3,5.01,,80-99
2023-03-07,Tuesday,62,71.11,70.99,71.98,93,5.99,10,,60-79
2023-03-08,Wednesday,76,70.25,69.98,71.98,90,3,7,,60-79
2023-03-09,Thursday,141,71.24,69.98,72.99,90,4,7,0.16,140-159
2023-03-10,Friday,137,69.22,66.97,70.99,90,1.99,3,,120-139
2023-03-11,Saturday,169,64.08,60.98,64.98,95,4,8.01,,160-179
2023-03-12,Sunday,168,70.99,70.99,70.99,87,1.99,3,,160-179
2023-03-13,Monday,81,64.94,62.98,65.98,87,3,8.99,0.5,80-99
2023-03-14,Tuesday,63,56.08,53.98,56.98,53,5.99,18.99,,60-79
2023-03-15,Wednesday,82,56.1,54.99,56.98,47,4,8.01,0.11,80-99
2023-03-16,Thursday,149,50.4,49.98,52.99,78,1.01,4,,140-159
2023-03-17,Friday,34,65.97,63.99,65.98,86,8.01,15.01,,20-39
2023-03-18,Saturday,127,51.13,49.98,51.98,70,8.01,18.01,0.25,120-139
2023-03-19,Sunday,84,51.26,50.99,52.99,51,8.01,14,,80-99
2023-03-20,Monday,44,42.12,40.98,42.98,52,8.99,15.01,,40-59
2023-03-21,Tuesday,108,43.57,42.98,46.98,68,3,5.01,,100-119
2023-03-22,Wednesday,137,57.99,56.98,58.98,82,10.29,,,120-139
2023-03-23,Thursday,125,64.13,62.98,64.98,90,5.99,8.99,,120-139
2023-03-24,Friday,179,70.12,68.99,70.99,88,5.99,11.99,,160-179
2023-03-25,Saturday,177,73.26,72.99,74.98,90,11.01,21,,160-179
2023-03-26,Sunday,148,75.11,73.98,75.97,88,5.99,11.99,,140-159
2023-03-27,Monday,37,74.98,74.98,74.98,86,1.01,3,,20-39
2023-03-28,Tuesday,25,74.1,72.99,74.98,91,5.99,8.99,,20-39
2023-03-29,Wednesday,87,64.96,63.99,64.98,56,4,15.01,,80-99
2023-03-30,Thursday,121,58.98,57.97,58.98,70,1.01,1.99,,120-139
2023-03-31,Friday,180,68.83,65.98,68.99,84,5.99,11.01,,180-200
2023-04-01,Saturday,168,73.98,72.99,73.98,90,8.01,10,,160-179
2023-04-02,Sunday,168,66.6,64.98,72.99,62,1.01,3,,160-179
2023-04-03,Monday,73,73.96,71.98,73.98,88,7,15.99,,60-79
2023-04-04,Tuesday,65,75.96,74.98,75.97,88,5.01,10,,60-79
2023-04-05,Wednesday,113,76.12,74.98,76.98,85,10,21,,100-119
2023-04-06,Thursday,148,76.14,74.98,76.98,86,5.99,8.99,,140-159
2023-04-07,Friday,89,74.97,73.98,74.98,90,4,8.99,,80-99
2023-04-08,Saturday,80,68.99,67.98,68.99,92,1.99,3,3.81,80-99
2023-04-09,Sunday,94,62.76,61.99,66.97,84,5.99,13,,80-99
2023-04-10,Monday,104,59.99,57.97,59.99,74,5.01,8.01,,100-119
2023-04-11,Tuesday,86,64.11,63.99,64.98,73,7,11.01,,80-99
2023-04-12,Wednesday,37,66.97,66.97,66.97,79,1.99,7,,20-39
2023-04-13,Thursday,101,61.99,60.98,61.99,81,10,17,0.24,100-119
2023-04-14,Friday,137,61.09,58.98,61.99,83,5.99,11.99,,120-139
2023-04-15,Saturday,117,68.11,66.97,68.99,80,4,8.01,,100-119
2023-04-16,Sunday,212,67.96,66.97,67.98,92,1.99,5.01,,Out of Range
2023-04-17,Monday,144,62.01,61.99,63.99,45,1.01,3,,140-159
2023-04-18,Tuesday,112,60.12,58.98,61.99,70,1.99,3,,100-119
2023-04-19,Wednesday,109,62.58,61.99,65.98,79,4,8.99,,100-119
2023-04-20,Thursday,167,67.26,66.97,68.99,87,5.01,8.99,,160-179
2023-04-21,Friday,84,70.14,69.98,70.99,85,8.01,15.99,,80-99
2023-04-22,Saturday,191,67.15,65.98,68.99,88,1.99,3,0.16,180-200
2023-04-23,Sunday,177,62.6,61.99,68.99,63,5.01,8.01,,160-179
2023-04-24,Monday,93,64.11,62.98,64.98,68,5.01,21.99,,80-99
2023-04-25,Tuesday,102,64.09,61.99,64.98,63,7,11.01,,100-119
2023-04-26,Wednesday,128,68.25,66.97,69.98,86,3,7,,120-139
2023-04-27,Thursday,88,73.81,71.98,73.98,86,10,11.99,,80-99
2023-04-28,Friday,199,69.12,67.98,69.98,85,3,8.01,,180-200
2023-04-29,Saturday,129,71.13,70.99,71.98,77,5.99,10,,120-139
2023-04-30,Sunday,144,64.11,62.98,64.98,76,15.01,31,0.25,140-159
2023-05-01,Monday,96,64.96,63.99,65.98,80,7,11.01,,80-99
2023-05-02,Tuesday,109,68.56,64.98,68.99,64,1.99,4,,100-119
2023-05-03,Wednesday,99,73.44,68.99,73.98,53,1.01,3,,80-99
2023-05-04,Thursday,115,71.55,67.98,72.99,73,4,8.01,,100-119
2023-05-05,Friday,100,73.96,72.99,73.98,69,5.99,11.01,,100-119
2023-05-06,Saturday,75,76.14,75.97,76.98,87,4,10,,60-79
2023-05-07,Sunday,162,69.44,68.99,71.98,86,5.01,10,,160-179
2023-05-08,Monday,97,74.98,73.98,74.98,90,5.01,10,0.21,80-99
2023-05-09,Tuesday,51,76.1,74.98,76.98,88,7,8.99,,40-59
2023-05-10,Wednesday,120,70.88,69.98,75.97,93,4,5.01,,120-139
2023-05-11,Thursday,156,75.97,73.98,75.97,87,3,11.01,,140-159
2023-05-12,Friday,153,76.98,75.97,76.98,83,5.01,10,,140-159
2023-05-13,Saturday,160,76.28,75.97,77.99,87,11.99,17,,160-179
2023-05-14,Sunday,79,76.26,75.97,77.99,85,4,11.01,,60-79
2023-05-15,Monday,84,78.12,76.98,78.98,81,1.99,3,,80-99
2023-05-16,Tuesday,83,76.23,75.97,78.98,74,1.99,5.99,,80-99
2023-05-17,Wednesday,86,76.46,75.97,77,81,4.79,,,80-99
2023-05-18,Thursday,131,74.34,70.99,76.98,75,1.01,3,,120-139
2023-05-19,Friday,206,73.44,72.99,75.97,91,4,8.99,,Out of Range
2023-05-20,Saturday,185,78.12,76.98,78.98,79,4,5.99,,180-200
2023-05-21,Sunday,139,74.14,73.98,74.98,91,1.01,1.99,0.51,120-139
2023-05-22,Monday,92,74.98,74.98,74.98,77,3,5.99,,80-99
2023-05-23,Tuesday,92,75.65,72.99,79.99,70,1.57,,,80-99
2023-05-24,Wednesday,89,76.24,75.97,77.99,76,11.01,18.99,0.4,80-99
2023-05-25,Thursday,95,72.99,70.99,72.99,80,4,15.01,,80-99
2023-05-26,Friday,151,70.99,69.98,76.98,68,1.99,5.99,,140-159
2023-05-27,Saturday,186,72.48,68.99,76.98,71,1.99,3,,180-200
2023-05-28,Sunday,210,69.44,68.99,71.98,70,3,5.01,,Out of Range
2023-05-29,Monday,156,74.05,69.98,74.98,78,1.99,3,,140-159
2023-05-30,Tuesday,72,76.95,74.98,76.98,72,1.99,4,,60-79
2023-05-31,Wednesday,75,74.1,72.99,74.98,85,3.74,,,60-79
2023-06-01,Thursday,97,76.24,74.98,77.99,71,1.01,5.99,,80-99
2023-06-02,Friday,147,76.33,72.99,78.98,73,1.99,5.01,,140-159
2023-06-03,Saturday,150,77.25,76.98,78.98,74,3,8.01,,140-159
2023-06-04,Sunday,159,78.12,76.98,78.98,65,1.99,5.01,,140-159
2023-06-05,Monday,0,70.07,69.98,70.99,90,3,5.01,3.81,0-19
2023-06-06,Tuesday,0,76.26,74.98,77.99,76,4,7,,0-19
2023-06-07,Wednesday,108,73.36,70.99,75.97,81,1.01,1.99,,100-119
2023-06-08,Thursday,97,76.06,72.99,76.98,80,3,4,,80-99
2023-06-09,Friday,144,73.54,72.99,76.98,92,1.99,3,,140-159
2023-06-10,Saturday,161,80.11,79.99,81.99,75,5.01,8.01,,160-179
2023-06-11,Sunday,192,78.12,76.98,78.98,73,1.99,5.01,,180-200
2023-06-12,Monday,54,79.25,78.98,80.98,77,7,11.01,,40-59
2023-06-13,Tuesday,81,81.12,79.99,81.99,73,1.99,4,,80-99
2023-06-14,Wednesday,74,81.14,80.98,81.99,83,3,8.01,,60-79
2023-06-15,Thursday,69,82.98,82.98,82.98,81,1.99,5.01,,60-79
2023-06-16,Friday,146,81.12,80.98,81.99,85,8.01,11.01,,140-159
2023-06-17,Saturday,177,81.12,80.98,81.99,83,5.99,10,,160-179
2023-06-18,Sunday,119,83.1,81.99,83.98,84,8.01,11.01,,100-119
2023-06-19,Monday,74,83.1,81.99,83.98,80,7,11.01,,60-79
2023-06-20,Tuesday,38,76.41,75.97,78.98,81,3,13,,20-39
2023-06-21,Wednesday,74,75.94,73.98,75.97,79,4,5.99,,60-79
2023-06-22,Thursday,67,78.12,77.99,78.98,80,3,8.01,,60-79
2023-06-23,Friday,130,78.12,76.98,78.98,82,3,7,,120-139
2023-06-24,Saturday,138,81.12,79.99,81.99,74,4,8.01,,120-139
2023-06-25,Sunday,130,80.28,79.99,81.99,87,1.01,5.01,,120-139
2023-06-26,Monday,52,82.11,81.99,82.98,83,5.01,11.01,,40-59
2023-06-27,Tuesday,70,82.11,80.98,82.98,84,5.01,8.01,,60-79
2023-06-28,Wednesday,64,84.97,84.97,85.98,79,7,13,,60-79
2023-06-29,Thursday,62,87.12,86.99,87.98,72,5.01,10,,60-79
2023-06-30,Friday,86,87.12,85.98,87.98,71,5.01,8.01,,80-99
2023-07-01,Saturday,106,84.97,84.97,84.97,68,1.99,4,,100-119
2023-07-02,Sunday,102,85.24,84.97,86.99,71,5.01,7,,100-119
2023-07-03,Monday,62,85.12,84.97,85.98,66,7,11.99,,60-79
2023-07-04,Tuesday,113,84.09,81.99,84.97,73,5.01,8.99,,100-119
2023-07-05,Wednesday,61,81.99,81.99,81.99,69,5.01,11.99,,60-79
2023-07-06,Thursday,85,80.1,77.99,80.98,78,1.01,5.99,,80-99
2023-07-07,Friday,109,81.99,81.99,83.98,71,3,18.99,,100-119
2023-07-08,Saturday,173,82.11,80.98,82.98,79,3,8.01,,160-179
2023-07-09,Sunday,111,82.09,79.99,82.98,79,5.01,10,,100-119
2023-07-10,Monday,29,82.11,80.98,82.98,83,5.01,10,,20-39
2023-07-11,Tuesday,101,81.1,79.99,81.99,83,5.01,7,,100-119
2023-07-12,Wednesday,77,80.44,75.97,80.98,83,4,8.99,,60-79
2023-07-13,Thursday,103,83.1,81.99,83.98,86,5.99,10,,100-119
2023-07-14,Friday,110,82.26,81.99,83.98,80,4,8.01,,100-119
2023-07-15,Saturday,155,82.26,81.99,83.98,80,4,8.99,,140-159
2023-07-16,Sunday,113,83.25,82.98,84.97,78,5.99,11.01,,100-119
2023-07-17,Monday,61,77.56,73.98,77.99,87,4,7,,60-79
2023-07-18,Tuesday,77,82.98,82.98,82.98,78,1.01,4,,60-79
2023-07-19,Wednesday,76,84.97,84.97,84.97,80,4,5.99,,60-79
2023-07-20,Thursday,106,84.24,82.98,85.98,73,3,5.99,,100-119
2023-07-21,Friday,107,85.24,84.97,86.99,74,5.01,8.01,,100-119
2023-07-22,Saturday,170,85.1,83.98,85.98,75,5.99,10,,160-179
2023-07-23,Sunday,84,75.27,74.98,76.98,93,3,4,,80-99
2023-07-24,Monday,71,80.22,76.98,81.99,86,1.99,3,,60-79
2023-07-25,Tuesday,57,80.22,77.99,81.99,80,1.99,4,,40-59
2023-07-26,Wednesday,82,80.4,79.99,82.98,76,1.99,4,,80-99
2023-07-27,Thursday,88,80.44,79.99,82.98,72,1.01,3,,80-99
2023-07-28,Friday,128,80.58,79.99,83.98,73,1.99,4,,120-139
2023-07-29,Saturday,161,82.24,80.98,83.98,75,4,5.99,,160-179
2023-07-30,Sunday,158,82.42,81.99,84.97,76,3,8.01,,140-159
2023-07-31,Monday,48,82,80.98,82.98,71,4,5.99,,40-59
2023-08-01,Tuesday,33,85.98,85.98,85.98,77,4.56,,,20-39
2023-08-02,Wednesday,53,85.98,85.98,85.98,71,1.01,1.99,,40-59
2023-08-03,Thursday,81,81.41,80.98,84.97,76,1.99,4,,80-99
2023-08-04,Friday,116,85.1,83.98,85.98,74,3,5.99,,100-119
2023-08-05,Saturday,139,86.13,85.98,86.99,76,7,10,,120-139
2023-08-06,Sunday,131,85.12,84.97,86.99,76,5.01,10,,120-139
2023-08-07,Monday,43,85.1,83.98,85.98,76,7,13,,40-59
2023-08-08,Tuesday,61,85.1,83.98,85.98,72,7,11.99,,60-79
2023-08-09,Wednesday,66,86.11,84.97,86.99,79,5.01,10,,60-79
2023-08-10,Thursday,68,85.1,83.98,85.98,77,5.99,10,,60-79
2023-08-11,Friday,92,84.13,83.98,84.97,77,5.01,8.99,,80-99
2023-08-12,Saturday,112,85.1,83.98,85.98,79,5.99,8.99,,100-119
2023-08-13,Sunday,106,85.95,83.98,86.99,77,5.99,11.99,,100-119
2023-08-14,Monday,40,85.1,83.98,85.98,69,3,10,,40-59
2023-08-15,Tuesday,65,85.96,84.97,86.99,74,7,11.99,,60-79
2023-08-16,Wednesday,97,81.84,74.98,83.98,72,5.01,7,,80-99
2023-08-17,Thursday,101,82.09,79.99,82.98,77,4,5.01,,100-119
2023-08-18,Friday,123,83.25,82.98,84.97,69,5.99,8.99,,120-139
2023-08-19,Saturday,120,84.27,83.98,85.98,70,3,8.01,,120-139
2023-08-20,Sunday,162,86.13,85.98,86.99,77,3,8.99,,160-179
2023-08-21,Monday,46,86.27,84.97,87.98,67,7,13,,40-59
2023-08-22,Tuesday,69,83.28,82.98,84.97,77,8.01,13,,60-79
2023-08-23,Wednesday,46,82.36,79.99,84.97,80,1.01,1.99,,40-59
2023-08-24,Thursday,68,87.98,87.98,87.98,64,1.01,3,,60-79
2023-08-25,Friday,119,86.11,84.97,86.99,75,1.99,7,,100-119
2023-08-26,Saturday,144,83.21,80.98,84.97,76,4,5.99,,140-159
2023-08-27,Sunday,124,86.23,84.97,87.98,58,1.01,3,,120-139
2023-08-28,Monday,49,87.22,83.98,88.99,62,3,5.01,,40-59
2023-08-29,Tuesday,52,78.87,77.99,78.98,92,3,5.99,,40-59
2023-08-30,Wednesday,63,78.26,77.99,79.99,92,5.01,8.01,,60-79
2023-08-31,Thursday,101,80.35,76.98,82.98,69,1.99,3,,100-119
2023-09-01,Friday,191,81.36,78.98,83.98,68,1.01,1.99,,180-200
2023-09-02,Saturday,103,82.11,80.98,82.98,79,5.01,11.99,,100-119
2023-09-03,Sunday,129,79.99,79.99,79.99,85,5.57,,,120-139
2023-09-04,Monday,104,82.08,81.99,82.98,81,3,5.99,,100-119
2023-09-05,Tuesday,42,78.24,75.97,80.98,93,3,5.01,,40-59
2023-09-06,Wednesday,60,77.67,75.97,81.99,76,4,8.01,,60-79
2023-09-07,Thursday,66,80.98,80.98,82.98,80,1.01,1.99,,60-79
2023-09-08,Friday,161,76.24,74.98,77.99,93,1.99,4,,160-179
2023-09-09,Saturday,172,78.24,76.98,79.99,88,1.99,3,,160-179
2023-09-10,Sunday,85,77.65,74.98,81.99,70,1.01,1.99,,80-99
2023-09-11,Monday,46,78.39,76.98,80.98,71,1.99,5.01,,40-59
2023-09-12,Tuesday,76,79.41,78.98,81.99,81,1.99,5.99,,60-79
2023-09-13,Wednesday,90,78.26,77.99,80.98,82,3,7,,80-99
2023-09-14,Thursday,47,80.11,78.98,80.98,76,4,7,,40-59
2023-09-15,Friday,163,77.13,76.98,78.98,91,4.32,,0.25,160-179
2023-09-16,Saturday,157,79.39,78.98,81.99,80,3,4,,140-159
2023-09-17,Sunday,128,83.39,82.98,85.98,49,1.01,8.99,,120-139
2023-09-18,Monday,48,79.86,78.98,80.83,54,7.56,,,40-59
2023-09-19,Tuesday,67,76.24,74.98,77.99,72,1.99,7,,60-79
2023-09-20,Wednesday,98,77.09,74.98,77.99,64,1.99,4,,80-99
2023-09-21,Thursday,99,78.98,78.98,78.98,83,1.99,5.99,,80-99
2023-09-22,Friday,80,80.28,79.99,81.99,78,5.99,10,,80-99
2023-09-23,Saturday,93,78.4,77.99,80.98,76,4,5.99,,80-99
2023-09-24,Sunday,104,78.4,77.99,80.98,81,1.99,4,,100-119
2023-09-25,Monday,39,77.5,74.98,80.98,78,1.99,4,,20-39
2023-09-26,Tuesday,75,78.1,75.97,78.98,93,1.99,4,0.33,60-79
2023-09-27,Wednesday,86,78.37,75.97,80.98,79,1.99,5.99,,80-99
2023-09-28,Thursday,104,79.11,77.99,79.99,75,5.01,8.99,,100-119
2023-09-29,Friday,197,74.95,72.99,74.98,81,8.99,14,,180-200
2023-09-30,Saturday,178,77.22,74.98,78.98,84,4,8.99,,160-179
2023-10-21,Saturday,141,71.92,68.99,71.98,78,5.01,10,,140-159
2023-10-22,Sunday,173,71.1,68.99,71.98,82,3,5.01,,160-179
2023-10-23,Monday,84,71.11,69.98,71.98,86,3,5.99,,80-99
2023-10-24,Tuesday,82,74.08,71.98,74.98,84,8.01,13,,80-99
2023-10-25,Wednesday,97,73.96,71.98,73.98,82,11.01,15.01,,80-99
2023-10-26,Thursday,132,73.96,71.98,73.98,82,8.99,17,,120-139
2023-10-27,Friday,193,75.11,72.99,75.97,83,5.01,13,,180-200
2023-10-28,Saturday,156,74.98,72.99,74.98,89,3,10,,140-159
2023-10-29,Sunday,137,72.37,70.99,74.98,87,3,7,,120-139
2023-10-30,Monday,85,73.96,72.99,73.98,89,3,5.01,,80-99
2023-10-31,Tuesday,52,56.97,54.99,56.98,78,8.01,17,,40-59
2023-11-01,Wednesday,70,52.97,50.99,52.99,51,13,24,,60-79
2023-11-02,Thursday,101,50.99,49.98,50.99,44,7,10,,100-119
2023-11-03,Friday,13,59.99,56.98,59.99,57,7,11.01,,0-19
2023-11-04,Saturday,170,57.56,56.98,61.99,89,1.01,1.99,,160-179
2023-11-05,Sunday,123,60.57,59.99,63.99,87,1.99,4,,120-139
2023-11-06,Monday,58,61.27,60.98,62.98,87,3,4,,40-59
2023-11-07,Tuesday,87,65.25,64.98,66.97,86,3,7,,80-99
2023-11-08,Wednesday,102,67.08,64.98,67.98,90,3,5.01,,100-119
2023-11-09,Thursday,137,68.09,65.98,68.99,87,4,7,,120-139
2023-11-10,Friday,182,68.79,65.98,68.99,94,1.01,3,0.25,180-200
2023-11-11,Saturday,108,68.95,66.97,68.99,92,5.01,8.99,0.33,100-119
2023-11-12,Sunday,104,63.95,61.99,63.99,91,4,8.99,,100-119
2023-11-13,Monday,15,65.95,63.99,65.98,86,8.99,13,,0-19
2023-11-14,Tuesday,0,61.65,57.97,61.99,97,8.99,18.01,0.76,0-19
2023-11-15,Wednesday,18,59.81,56.98,59.99,93,8.01,15.01,0.25,0-19
2023-11-16,Thursday,70,63.82,61.99,63.99,94,5.99,10,,60-79
2023-11-17,Friday,140,63.97,62.98,63.99,93,3,8.01,,140-159
2023-11-18,Saturday,127,66.97,66.97,66.97,93,3,8.01,,120-139
2023-11-19,Sunday,138,59.23,57.97,60.98,74,5.99,8.99,,120-139
2023-11-20,Monday,70,60.22,57.97,61.99,91,1.01,3,,60-79
2023-11-21,Tuesday,60,75.96,72.99,75.97,88,10,18.01,0.12,60-79
2023-11-22,Wednesday,120,57.81,55.98,57.97,78,11.99,18.01,,120-139
2023-11-23,Thursday,25,53.67,50.99,54.99,72,6.29,,,20-39
2023-11-24,Friday,172,54.23,53.98,54.46,85,4.34,,,160-179
2023-11-25,Saturday,123,54.97,53.98,54.99,83,5.01,11.01,,120-139
2023-11-26,Sunday,28,63.97,60.98,63.99,97,5.99,8.99,2.48,20-39
2023-11-27,Monday,29,55.96,53.98,55.98,78,4,7,,20-39
2023-11-28,Tuesday,59,50.13,48.97,50.99,61,5.99,13,,40-59
2023-11-29,Wednesday,80,46.98,46.98,49.98,74,1.99,1.99,,80-99
2023-11-30,Thursday,38,48.87,47.98,53.98,77,1.99,5.01,,20-39
2023-12-01,Friday,59,64.96,62.98,64.98,89,5.01,11.01,,40-59
2023-12-02,Saturday,0,69.82,66.97,69.98,95,4,10,4.45,0-19
2023-12-03,Sunday,28,69.76,67.98,69.98,93,4,8.01,,20-39
2023-12-04,Monday,27,60.44,55.98,60.98,84,1.99,5.99,,20-39
2023-12-05,Tuesday,52,53.67,51.98,57.97,70,1.99,4,,40-59
2023-12-06,Wednesday,46,54.99,54.99,54.99,71,1.99,4,,40-59
2023-12-07,Thursday,77,49.98,49.98,49.98,67,4,5.01,,60-79
2023-12-08,Friday,89,55.22,52.99,56.98,90,5.59,,,80-99
2023-12-09,Saturday,196,65.8,63.99,65.98,95,4,7,,180-200
2023-12-10,Sunday,53,69.96,68.99,69.98,94,8.01,11.99,,40-59
2023-12-11,Monday,44,48.36,45.99,50.99,51,5.99,11.99,,40-59
2023-12-12,Tuesday,38,46.98,46.98,47.98,78,2.06,,,20-39
2023-12-13,Wednesday,61,51.08,47.98,51.98,54,5.99,10,,60-79
2023-12-14,Thursday,68,55.78,52.99,55.98,47,8.99,14,,60-79
2023-12-15,Friday,107,56.93,53.98,56.98,60,11.99,18.01,,100-119
2023-12-16,Saturday,85,59.83,56.98,59.99,74,8.99,18.01,,80-99
2023-12-17,Sunday,73,58.64,54.99,58.98,90,7,14,,60-79
2023-12-18,Monday,59,49.55,48.97,52.99,69,3,10,,40-59
2023-12-19,Tuesday,65,52.23,50.99,53.98,55,3,8.01,,60-79
2023-12-20,Wednesday,52,47.98,46.98,47.98,66,5.01,8.01,,40-59
2023-12-21,Thursday,100,51.98,50.99,51.98,80,8.99,13,,100-119
2023-12-22,Friday,173,58.8,55.98,58.98,85,5.01,8.99,,160-179
2023-12-23,Saturday,164,59.09,56.98,59.99,87,1.99,5.99,,160-179
2023-12-24,Sunday,1,65.12,61.99,65.98,80,11.01,15.99,,0-19
2023-12-25,Monday,0,64.51,63.55,65.98,93,5.99,8.01,,0-19
2023-12-26,Tuesday,106,55.35,54.91,55.9,83,12.24,,,100-119
2023-12-27,Wednesday,106,50.77,48.97,51.98,88,3.22,,,100-119
2023-12-28,Thursday,139,53.28,51.98,54.34,77,5.99,13,,120-139
2023-12-29,Friday,145,43.99,42.98,43.99,48,5.99,8.99,,140-159
2023-12-30,Saturday,165,42.93,39.97,42.98,71,4,7,,160-179
2023-12-31,Sunday,120,43.27,42.98,45.99,79,5.14,,,120-139
2024-01-01,Monday,53,52.88,51.98,52.99,87,1.01,1.99,,40-59
2024-01-02,Tuesday,67,48.94,46.98,48.97,56,5.99,10,,60-79
2024-01-03,Wednesday,14,47.25,46.98,48.97,83,5.99,10,,0-19
2024-01-04,Thursday,101,47.08,44.98,47.98,71,3,8.01,,100-119
2024-01-05,Friday,43,44.42,43.99,46.98,76,7,8.99,,40-59
2024-01-06,Saturday,113,59.81,57.97,59.99,90,15.01,21.99,,100-119
2024-01-07,Sunday,78,46.24,44.98,47.98,83,1.99,5.99,,60-79
2024-01-08,Monday,3,50.97,49.98,50.99,73,4,8.01,,0-19
2024-01-09,Tuesday,27,74.46,68.99,74.98,86,17,28.99,0.25,20-39
2024-01-10,Wednesday,46,44.22,40.98,45.99,59,4,8.01,,40-59
2024-01-11,Thursday,87,50.95,48.97,50.99,77,4,5.99,,80-99
2024-01-12,Friday,43,66.81,63.99,66.97,84,11.01,18.99,,40-59
2024-01-13,Saturday,116,46.96,44.98,46.98,37,10,21.99,,100-119
2024-01-14,Sunday,157,42.28,41.99,45.99,72,2.06,,,140-159
2024-01-15,Monday,74,51.69,50.99,55.98,76,3,8.01,,60-79
2024-01-16,Tuesday,0,37.8,35.98,37.98,85,17,28.99,0.25,0-19
2024-01-17,Wednesday,7,27.95,25.99,27.99,57,8.01,11.01,,0-19
2024-01-18,Thursday,56,38.05,33.98,38.98,66,7,11.99,,40-59
2024-01-19,Friday,87,63.66,60.98,63.99,94,5.01,8.99,0.37,80-99
2024-01-20,Saturday,61,39.94,37.98,39.97,56,5.99,15.01,,60-79
2024-01-21,Sunday,50,35.94,33.98,35.98,39,7,13,,40-59
2024-01-22,Monday,52,47.46,44.98,49.1,56,10.49,26.44,,40-59
2024-01-23,Tuesday,32,61.12,57.97,62.69,87,10.65,26.42,,20-39
2024-01-24,Wednesday,28,67.48,62.98,67.98,89,10,20,0.25,20-39
2024-01-25,Thursday,3,69.87,68.99,69.98,94,4,10,,0-19
2024-01-26,Friday,14,67.17,61.99,67.98,90,7.16,18.39,0.42,0-19
2024-01-27,Saturday,23,60.57,59.99,63.99,88,4,11.01,,20-39
2024-01-28,Sunday,102,51.42,50.99,53.98,81,8.99,11.99,,100-119
2024-01-29,Monday,79,46.54,42.98,46.98,83,4,11.99,,60-79
2024-01-30,Tuesday,74,49.98,49.98,49.98,75,1.01,1.99,,60-79
2024-01-31,Wednesday,82,52.99,51.98,52.99,80,3,7,,80-99
2024-02-01,Thursday,79,51.98,51.98,53.98,69,4.72,4.76,,60-79
2024-02-02,Friday,131,54.66,51.98,54.99,86,1.99,3,,120-139
2024-02-03,Saturday,47,54.99,53.98,54.99,86,1.99,3,,40-59
2024-02-04,Sunday,25,60.12,58.98,60.98,89,4,7,1.34,20-39
2024-02-05,Monday,22,54.37,52.99,56.98,79,5.01,11.01,,20-39
2024-02-06,Tuesday,62,49.84,48.97,54.99,73,5.01,10,,60-79
2024-02-07,Wednesday,74,53.98,53.98,57.97,71,1.99,8.01,,60-79
2024-02-08,Thursday,70,55.58,54.99,58.98,75,10,15.01,,60-79
2024-02-09,Friday,83,59.43,58.98,61.99,82,5.01,8.99,,80-99
2024-02-10,Saturday,55,62.24,61.99,64.98,81,5.01,10,,40-59
2024-02-11,Sunday,57,67.41,66.97,69.98,84,7,11.01,,40-59
2024-02-12,Monday,61,68.4,67.98,70.99,86,5.99,11.01,,60-79
2024-02-13,Tuesday,0,46.29,45.99,47.98,60,8.99,18.01,,0-19
2024-02-14,Wednesday,68,49.98,49.98,50.99,75,5.37,6.29,,60-79
2024-02-15,Thursday,94,50.7,49.98,54.99,71,4.27,5.17,,80-99
2024-02-16,Friday,38,55.58,54.99,58.98,71,3,4,,20-39
2024-02-17,Saturday,49,58.42,57.97,60.98,90,1.99,4,0.25,40-59
2024-02-18,Sunday,135,41.45,40.98,43.99,54,8.99,18.01,,120-139
2024-02-19,Monday,76,46.98,46.98,48.97,54,3,8.01,,60-79
2024-02-20,Tuesday,63,47.98,47.98,47.98,68,1.01,1.99,,60-79
2024-02-21,Wednesday,88,51.73,50.99,55.98,84,3,4,,80-99
2024-02-22,Thursday,90,55.42,54.99,57.97,78,3,8.01,,80-99
2024-02-23,Friday,120,62.42,61.99,64.98,86,5.01,8.99,,120-139
2024-02-24,Saturday,207,54.77,53.98,62.98,53,4,7,,Out of Range
2024-02-25,Sunday,161,56.98,56.98,57.97,74,1.01,1.99,,160-179
2024-02-26,Monday,92,56.41,55.98,58.98,77,1.99,4,,80-99
2024-02-27,Tuesday,81,63.57,62.98,66.97,84,5.99,11.99,,80-99
2024-02-28,Wednesday,93,67.57,66.97,70.99,81,10,15.99,,80-99
2024-02-29,Thursday,82,57.27,56.98,58.98,44,14,21.99,,80-99
2024-03-01,Friday,36,56.37,53.11,59.45,85,9.62,20.6,,20-39
2024-03-02,Saturday,154,58.96,57.97,58.98,90,4,8.99,,140-159
2024-03-03,Sunday,154,61.41,60.98,63.99,87,5.01,8.99,,140-159
2024-03-04,Monday,20,66.42,65.98,68.99,86,8.99,14,,20-39
2024-03-05,Tuesday,3,67.21,66.72,67.98,91,8.72,17.02,,0-19
